20260906233900000000,20260906233900000000,20260906233900000000,20260906233900000000
20260907115100000000,20260907115100000000,20260907115100000000,20260907115100000000
20260907112300000000,20260907112300000000,20260906233900000000,20260906233900000000
20260907112600000000,20260907112300000000,20260907112300000000,Concert Calendar
20260907114300000000,Some Blues Band,performing,20260907114330000000
20260907114330000000,20260907114330000000,20260907112300000000,20260907114330000000
20260907130200000000,20260907114330000000,doors,2026-10-01 9:00 PM
20260907130400000000,20260907114330000000,located,20260907130600000000
20260907130600000000,20260907130600000000,places,20260907130600000000
20260907130700000000,20260907130600000000,located,111 Main Street, Townsville, USA 11111
20260909000021336786,20260907114330000000,cover,0
